<?xml version="1.0" encoding="UTF-8"?>
<project-private xmlns="http://www.netbeans.org/ns/project-private/1">
    <editor-bookmarks xmlns="http://www.netbeans.org/ns/editor-bookmarks/2" lastBookmarkId="0"/>
    <open-files xmlns="http://www.netbeans.org/ns/projectui-open-files/2">
        <group>
            <file>file:/C:/Users/Witally/Documents/Trabalhos/SistemaMatri/src/Classes/Curso.java</file>
            <file>file:/C:/Users/Witally/Documents/Trabalhos/SistemaMatri/src/sistemamatricula/SistemaMatricula.java</file>
            <file>file:/C:/Users/Witally/Documents/Trabalhos/SistemaMatri/src/View/JfrmBuscarAluno.java</file>
            <file>file:/C:/Users/Witally/Documents/Trabalhos/SistemaMatri/src/Classes/FileManager.java</file>
            <file>file:/C:/Users/Witally/Documents/Trabalhos/SistemaMatri/src/Classes/Aluno.java</file>
            <file>file:/C:/Users/Witally/Documents/Trabalhos/SistemaMatri/src/View/JfrmBuscarMatricula.java</file>
            <file>file:/C:/Users/Witally/Documents/Trabalhos/SistemaMatri/src/Classes/Universidade.java</file>
            <file>file:/C:/Users/Witally/Documents/Trabalhos/SistemaMatri/src/Classes/Matricula.java</file>
            <file>file:/C:/Users/Witally/Documents/Trabalhos/SistemaMatri/src/View/JfrmBuscarCurso.java</file>
        </group>
    </open-files>
</project-private>
